{
    "builders": [{
        "boot_command": [
            "{{user `boot_command_prefix`}}",
            "/install/vmlinuz noapic ",
            "initrd=/install/initrd.gz ",
            "preseed/url=http://{{.HTTPIP}}:{{.HTTPPort}}/{{user `preseed`}} ",
            "debian-installer=en_US auto locale=en_US kbd-chooser/method=us ",
            "hostname={{user `hostname`}} ",
            "grub-installer/bootdev=/dev/sda<wait> ",
            "fb=false debconf/frontend=noninteractive ",
            "keyboard-configuration/modelcode=SKIP keyboard-configuration/layout=USA ",
            "keyboard-configuration/variant=USA console-setup/ask_detect=false ",
            "passwd/user-fullname={{user `ssh_fullname`}} ",
            "passwd/user-password={{user `ssh_password`}} ",
            "passwd/user-password-again={{user `ssh_password`}} ",
            "passwd/username={{user `ssh_username`}} ",
            "-- <enter>"
        ],
        "disk_size": "{{user `disk_size`}}",
        "keep_registered": true,
        "guest_additions_path": "VBoxGuestAdditions_{{.Version}}.iso",
        "guest_os_type": "{{user `virtualbox_guest_os_type`}}",
        "hard_drive_interface": "sata",
        "headless": "{{user `headless`}}",
        "http_directory": "http",
        "iso_checksum": "{{user `iso_checksum`}}",
        "iso_checksum_type": "{{user `iso_checksum_type`}}",
        "iso_urls": [
            "{{user `iso_path`}}/{{user `iso_name`}}",
            "{{user `iso_url`}}"
        ],
        "output_directory": "output-{{user `vm_name`}}",
        "shutdown_command": "echo '{{user `ssh_password`}}'|sudo -S shutdown -P now",
        "ssh_password": "{{user `ssh_password`}}",
        "ssh_username": "{{user `ssh_username`}}",
        "ssh_wait_timeout": "10000s",
        "type": "virtualbox-iso",
        "vboxmanage": [
            ["modifyvm", "{{.Name}}", "--audio", "none"],
            ["modifyvm", "{{.Name}}", "--usb", "off"],
            ["modifyvm", "{{.Name}}", "--vram", "12"],
            ["modifyvm", "{{.Name}}", "--vrde", "off"],
            ["modifyvm", "{{.Name}}", "--nictype1", "virtio"],
            ["modifyvm", "{{.Name}}", "--memory", "{{user `memory`}}"],
            ["modifyvm", "{{.Name}}", "--cpus", "{{user `cpus`}}"]
        ],
        "vm_name": "{{user `vm_name`}}"
    }],
    "provisioners": [{
            "type": "file",
            "source": "ansible",
            "destination": "/home/odoo/"
        },
        {
        "environment_vars": [
            "DEBIAN_FRONTEND=noninteractive",
            "UPDATE={{user `update`}}",
            "DISABLE_IPV6={{user `disable_ipv6`}}",
            "SSH_USERNAME={{user `ssh_username`}}",
            "SSH_PASSWORD={{user `ssh_password`}}"
        ],
        "execute_command": "echo '{{user `ssh_password`}}'|{{.Vars}} sudo -E -S bash '{{.Path}}'",
        "expect_disconnect": true,
        "scripts": "script/ansible.sh",
        "type": "shell"
    }],
    "post-processors": [{
        "type": "manifest",
        "output": "manifest.json"

    }],
    "variables": {
        "boot_command_prefix": "<enter><wait><f6><esc><bs><bs><bs><bs><bs><bs><bs><bs><bs><bs><bs><bs><bs><bs><bs><bs><bs><bs><bs><bs><bs><bs><bs><bs><bs><bs><bs><bs><bs><bs><bs><bs><bs><bs><bs><bs><bs><bs><bs><bs><bs><bs><bs><bs><bs><bs><bs><bs><bs><bs><bs><bs><bs><bs><bs><bs><bs><bs><bs><bs><bs><bs><bs><bs><bs><bs><bs><bs><bs><bs><bs><bs><bs><bs><bs><bs><bs><bs><bs><bs><bs><bs><bs>",
        "cpus": "4",
        "disable_ipv6": "true",
        "disk_size": "40960",
        "headless": "true",
        "hostname": "ubuntu-odoo",
        "iso_checksum": "7d8e0055d663bffa27c1718685085626cb59346e7626ba3d3f476322271f573e",
        "iso_checksum_type": "sha256",
        "iso_name": "ubuntu-18.04.3-server-amd64.iso",
        "iso_path": "iso",
        "iso_url": "http://cdimage.ubuntu.com/ubuntu/releases/bionic/release/ubuntu-18.04.3-server-amd64.iso",
        "memory": "8192",
        "preseed": "preseed.cfg",
        "ssh_fullname": "odoo",
        "ssh_password": "odoo",
        "ssh_username": "odoo",
        "update": "false",
        "version": "0.1",
        "virtualbox_guest_os_type": "Ubuntu_64",
        "vm_name": "Ubuntu-18.04-Odoo11"
    }
}
